,name,price,ratings,image
0,"SHIBU Utensil Kart Momos and Idli Steamer 4 Tier Premium Aluminium Momo Maker with Handles, Durable 4 Tier Steamer for Cooking, Suitable for Home's Kitchen (Silver, Small, 4L Size)",Rs. 649,3.0 out of 5 stars,https://m.media-amazon.com/images/I/61W45anPRIS._AC_UL320_.jpg
1,"SHIBU Utensil Kart Momos 3 Tier Premium Aluminium Momo Maker with Handles, Durable Steamer for Cooking, Small Size 4L, Silver",Rs. 599,3.4 out of 5 stars,https://m.media-amazon.com/images/I/41AIPyeKJXL._AC_UL320_.jpg
2,"SHIBU Aluminum Momos Maker & Steamer With Handles (5L), Silver",Rs. 699,3.7 out of 5 stars,https://m.media-amazon.com/images/I/711qf5TsTWL._AC_UL320_.jpg
3,Daily Deals Cast Iron Pre-Seasoned Grill Pan (Black),"Rs. 1,499",3.8 out of 5 stars,https://m.media-amazon.com/images/I/816+iVrE4-L._AC_UL320_.jpg
4,Ereteken ART Handmade Wooden Non-Stick Serving and Cooking Spoon Set of 7 (Brown),Rs. 80,3.4 out of 5 stars,https://m.media-amazon.com/images/I/61sWh8ocJ+L._AC_UL320_.jpg
5,Classic Shoppe Wooden Serving and Cooking Spoons Wood Brown Spoons Kitchen Utensil Set of 7,Rs. 94,3.6 out of 5 stars,https://m.media-amazon.com/images/I/41J5dIiPxtL._AC_UL320_.jpg
6,"Nickeepopz Miniature Kitchen Set , Mini Kitchen Set , Kitchen Set for Girls , Real Cooking Kit for Play , Steel Kitchen Set for Girls , Choppu Jaman , Miniature Cooking Set for Kids , Baby Kitchen Set Toys for Girls , Mini Kitchen Set for Kids -26pcs",Rs. 425,5.0 out of 5 stars,https://m.media-amazon.com/images/I/71aZaSkqHdL._AC_UL320_.jpg
7,"DRUNNA Stainless Steel Copper Bottom Handi Set of 5 Piece with lid Kitchen Serving, Cooking Bowl with Lid, Pot and Pen with Lid, Panjabi Handi Set with Lid, Cooking Pot with Lid, Milk Pan/Tea Pan",Rs. 730,3.1 out of 5 stars,https://m.media-amazon.com/images/I/41OZ5k1MFKS._AC_UL320_.jpg
8,1000W Portable Mini Radiant Cooktop | Hotplate Coil Stove | Electric Coil Stove for Cooking | Electric Cooking Heater | Grey Metallic Radiant Cooktop,Rs. 999,4.1 out of 5 stars,https://m.media-amazon.com/images/I/619n4y6eePL._AC_UL320_.jpg
9,LYNREX Oil Sprayer for Cooking with Mini Funnel - 100 ml (Multicolor),Rs. 279,3.9 out of 5 stars,https://m.media-amazon.com/images/I/71EXZ7WiqkS._AC_UL320_.jpg
10,"DiSano Extra Light Olive Oil, Indian dishes and frying, 2L",Rs. 899,4.4 out of 5 stars,https://m.media-amazon.com/images/I/71McHB+zzrL._AC_UL320_.jpg
11,"Leeonz Cooking Apron | Adjustable Waterproof Chef Apron with Pocket and 2 Side Coral Velvet Towels for Hands Wiping Quilt for Home Kitchen, Grill, Restaurant (Brown(Coffee), Pack of 1)",Rs. 399,4.1 out of 5 stars,https://m.media-amazon.com/images/I/71SQN3tx+iL._AC_UL320_.jpg
12,ULAMART Clay Kitchen Set 11 Pcs Miniature for Kids | Real Cooking Play Set,Rs. 580,4.0 out of 5 stars,https://m.media-amazon.com/images/I/41QmSdIOwzL._AC_UL320_.jpg
13,"Suzec Disposable (Use and Throw) Food Cooking Plastic Hand Gloves for Protection- Free Size (Transparent, Pack of 1, 100 Pieces) (Plastic Gloves_Pack of 100)",Rs. 89,3.5 out of 5 stars,https://m.media-amazon.com/images/I/71VBJNrvsbL._AC_UL320_.jpg
14,Dealnicy Stainless Steel Copper Bottom Handi with lid - Kitchen Serving & Cookware Bowl Cooking Bowl | Handi Set 5-Pieces | Biryani Handi Set,Rs. 798,3.8 out of 5 stars,https://m.media-amazon.com/images/I/41bB-znmoRL._AC_UL320_.jpg
15,SeGrand Clay Kadai (2 litres) and Tawa (8 inch Diameter) Combo Set - with Handle and Lid for Cooking on Gas - Hand Crafted Terracotta Earthen Pot,Rs. 949,3.7 out of 5 stars,https://m.media-amazon.com/images/I/618VhpR0y6L._AC_UL320_.jpg
16,"KETAMINE 6Pcs/Set Nylon Heat-Resistant Nonstick Spoon Spatula Turner Scoop Kitchen Cooking Utensil Tools Set (Black Color, Set of 1)",Rs. 259,5.0 out of 5 stars,https://m.media-amazon.com/images/I/41JN478nNyL._AC_UL320_.jpg
17,Ikai Asai Hand Crafted Black Clay Medium Cooking Pot,"Rs. 6,000",4.0 out of 5 stars,https://m.media-amazon.com/images/I/61kV4o9Dd4L._AC_UL320_.jpg
18,AmazonBasics Non-Stick 8-Piece Cookware Set,"Rs. 2,529",4.2 out of 5 stars,https://m.media-amazon.com/images/I/715qOOqdKNL._AC_UL320_.jpg
19,"Craftenka Stainless Steel Kadhai / Tasla Heavy Guage Hammered Deep Frying Kadai Fry Pan for Cooking, 14 No. 3500 ML, 28 cm/ 11 Inches (Withoud Handle)",Rs. 699,5.0 out of 5 stars,https://m.media-amazon.com/images/I/51u3wT4U3wL._AC_UL320_.jpg
20,Signamio® Pack of 4 Kitchen Utensils Spoon Set for Cooking with Stainless Steel Core Non Stick Nylon cooking & serving set -(Turner/Skimmer/Ladle/Serving Spoon/Slotted Serving Spoon) Black(5 Pc Combo),Rs. 499,3.7 out of 5 stars,https://m.media-amazon.com/images/I/61AChPRevsS._AC_UL320_.jpg
21,"Spray Lite Natural Cooking Spray, 177g",Rs. 292,3.9 out of 5 stars,https://m.media-amazon.com/images/I/51c4KNPsUeL._AC_UL320_.jpg
22,"ZURATO Oil for Cooking, Refillable Stainless Steel Oil Dispenser Bottle with Mini Funnel, Vinegar Glass Spray Bottle for BBQ, Salad, Baking, Grilling, Roasting, Frying, 1 Piece",Rs. 449,3.7 out of 5 stars,https://m.media-amazon.com/images/I/71PRGEXLLUL._AC_UL320_.jpg
23,Ethnic Forest Luxury Yellow Kitchen Set Cooking Toy with Briefcase and Accessories |Ultimate Kid Chef Bring Along Kitchen Suitcase Set (26 Pieces) | Plastic Kitchen Food Play Set for Girls & Boys,Rs. 359,3.4 out of 5 stars,https://m.media-amazon.com/images/I/61x+oMMp4pL._AC_UL320_.jpg
24,Nirlon Ultimate Induction Base Non Stick Aluminium 2 Piece Cooking Set {1 Fry Pan 24cm - 1.5 Liter|1 Kadai 24cm - 3 Liter},Rs. 848,4.4 out of 5 stars,https://m.media-amazon.com/images/I/91D0WbxKj4L._AC_UL320_.jpg
25,"Xacton Flat Pastry Brush | Multi-Purpose Silicone Durable Easy Use | Oil Cooking Brush for Grilling, Tandoor, Cooking, Baking, BBQ | Brush for Cooking | Cooking Tools | Multicolor - Set of 2",Rs. 109,3.9 out of 5 stars,https://m.media-amazon.com/images/I/61+jaanKn-L._AC_UL320_.jpg
26,Village Decor Indian Earthen Clay Millet Porridge Cooking Bowl (Brown) (2 .5litres),Rs. 649,3.8 out of 5 stars,https://m.media-amazon.com/images/I/41SeCgkrAPL._AC_UL320_.jpg
27,Tirtha Enterprises 24pcs Mini Stainless Steel Utensils Non Toxic Indian Kitchen Set Great Kitchen Toys for Girls (Kid's Love Kitchen Set) Real Cooking Kit for Play,Rs. 480,3.3 out of 5 stars,https://m.media-amazon.com/images/I/618ROI6VhXL._AC_UL320_.jpg
28,"Heart Home Heat Resistant Cotton Kitchen Oven Mitt Microwave Glove Set, Non-Slip Grip and Hanging Loop for Kitchen, Cooking, Baking, Set of 2 (Black), Standard (HS_37_HEARTH020602)",Rs. 199,4.0 out of 5 stars,https://m.media-amazon.com/images/I/61-UdmbG0OS._AC_UL320_.jpg
29,"Kerala Traditional South India Village Pottery Traditional Pre-Seasoned Clay Pot for Cooking on Gas Combo of 3/Earthern Cookware /Manchatti for Cooking/Clay Pot for Cooking Pre-Seasoned (Black,1,2,3L)",Rs. 799,5.0 out of 5 stars,https://m.media-amazon.com/images/I/61cWItAwkuL._AC_UL320_.jpg
30,PIXLINQ Wooden Cooking Spoon Set with Spatulas for Non-Stick Kitchen Utensil Cooking Set Non Scratch Natural Rose Wood Utensils for Cooking (12.5 in),Rs. 470,3.9 out of 5 stars,https://m.media-amazon.com/images/I/61eAWIUiJQL._AC_UL320_.jpg
31,JST Earthen/Clay/Terracotta Brown Kitchen Miniature Toy Set for Cooking Set - 17 Pieces,Rs. 664,4.2 out of 5 stars,https://m.media-amazon.com/images/I/911SqQAw6sL._AC_UL320_.jpg
32,"Black & Green Extra Virgin Cold Press Multipurpose Avocado Cooking Oil Bottle, 1000 ml","Rs. 2,205",4.5 out of 5 stars,https://m.media-amazon.com/images/I/61gQWoQT9ML._AC_UL320_.jpg
33,"Craftsman India online Unglazed Clay Handi/Earthen Pot for Cooking with Lid (Red, 2 L)",Rs. 679,4.0 out of 5 stars,https://m.media-amazon.com/images/I/61PLPR3TD9L._AC_UL320_.jpg
34,"Lifelong Inferno LLIC30 2000 Watt Induction Cooktop for Home with 7 Preset Indian Menu Option and Auto-Shut Off | Easy Cooking, 1 Year Warranty (Grey)",Rs. 999,3.7 out of 5 stars,https://m.media-amazon.com/images/I/81zpEhaWH2L._AC_UL320_.jpg
35,"KOWS® Pack of 2 Stainless Steel Pipe Net Square Roaster 8"" with TNG004B Steel Cooking Tong 7.5"" Roti Chapati, Papad Jali, Paneer Grill, Roti Maker, Barbeque Jali Roaster Kitchen Tool | Combo Set",Rs. 195,5.0 out of 5 stars,https://m.media-amazon.com/images/I/61yj5Jk2pbS._AC_UL320_.jpg
36,"Cooking: 2 Manuscripts - Air Fryer: From Zero To Hero In The Kitchen In 7 Days, Slow Cooker: From Zero To Hero In The Kitchen In 7 Days",Rs. 0,4.5 out of 5 stars,https://m.media-amazon.com/images/I/81Nt4SSsUCL._AC_UL320_.jpg
37,"Nirvika Stainless Steel Handi Set Copper Bottom Handi with Lid Kitchen Serving,Cooking Bowl |Cookware Set /Urli Set 5-Pieces | patila Bhagona",Rs. 799,3.7 out of 5 stars,https://m.media-amazon.com/images/I/81LF-INTC6L._AC_UL320_.jpg
38,LUCID...We Build Relations Plastic Luxury Kitchen Set Cooking Toy with Briefcase and Accessories (Yellow),Rs. 380,3.9 out of 5 stars,https://m.media-amazon.com/images/I/71hInyyallL._AC_UL320_.jpg
39,"Parage Premium Stainless Steel Kitchen Tools Set for Cooking, Set of 5, 35 cm Length, Silver (Contains: 1 Ladle, 1 Skimmer,1 Turner, 1 Spatula, 1 Slotted Turner)-Design2",Rs. 459,4.0 out of 5 stars,https://m.media-amazon.com/images/I/51t6kH98F0L._AC_UL320_.jpg
40,"Craftsman India Online Unglazed Terracotta Clay Pottery Mud Pot/Earthen Handi for Cooking and Serving (Red, 1 L)",Rs. 349,4.1 out of 5 stars,https://m.media-amazon.com/images/I/51QAjCbggGS._AC_UL320_.jpg
41,"Cooking Coconut Oil , 100% Pure , Edible (1 Litre)",Rs. 199,4.3 out of 5 stars,https://m.media-amazon.com/images/I/61hR7qqXAWL._AC_UL320_.jpg
42,DEALBOOTH Magic Silicon Premium Rubber Hand Gloves for Kitchen with Scrubber Dish Wash Gloves Cooking Baking Oven Glove Heat Resistance Non Slip Pet Bathing Car Wash Free Size Multicolor Premium Pair Prime,Rs. 199,5.0 out of 5 stars,https://m.media-amazon.com/images/I/71Tesz3pLAS._AC_UL320_.jpg
43,eshwarshop Cooking Set.,Rs. 499,3.6 out of 5 stars,https://m.media-amazon.com/images/I/81+3+u9qiEL._AC_UL320_.jpg
44,SeGrand Clay Kadai (2 litres) and Tawa (8 inch Diameter) Combo Set - with Handle and Lid for Cooking on Gas - Hand Crafted Terracotta Earthen Pot,Rs. 949,3.7 out of 5 stars,https://m.media-amazon.com/images/I/618VhpR0y6L._AC_UL320_.jpg
45,"Kitchen Crafting Present Stainless Steel Oil Dispenser 1000ml, Oil Pot, Oil Can, Oil Kitchen Container with nozzle vinegar sauce liquid condiment dispenser of 1 Litre (Silver, Pack of 1)",Rs. 469,4.0 out of 5 stars,https://m.media-amazon.com/images/I/41MzuG3OmsL._AC_UL320_.jpg
46,"Kerala Traditional South India Village Pottery Traditional Pre-Seasoned Clay Pot for Cooking on Gas Combo of 3/Earthern Cookware /Manchatti for Cooking/Clay Pot for Cooking Pre-Seasoned (Black,1,2,3L)",Rs. 799,5.0 out of 5 stars,https://m.media-amazon.com/images/I/61cWItAwkuL._AC_UL320_.jpg
47,"SHIBU Utensil Kart Momos and Idli Steamer 4 Tier Premium Aluminium Momo Maker with Handles, Durable 4 Tier Steamer for Cooking, Suitable for Home's Kitchen (Silver, Small, 4L Size)",Rs. 649,3.0 out of 5 stars,https://m.media-amazon.com/images/I/61W45anPRIS._AC_UL320_.jpg
48,"SHIBU Utensil Kart Momos 3 Tier Premium Aluminium Momo Maker with Handles, Durable Steamer for Cooking, Small Size 4L, Silver",Rs. 599,3.4 out of 5 stars,https://m.media-amazon.com/images/I/41AIPyeKJXL._AC_UL320_.jpg
49,Daily Deals Cast Iron Pre-Seasoned Grill Pan (Black),"Rs. 1,499",3.8 out of 5 stars,https://m.media-amazon.com/images/I/816+iVrE4-L._AC_UL320_.jpg
50,"SHIBU Aluminum Momos Maker & Steamer With Handles (5L), Silver",Rs. 699,3.7 out of 5 stars,https://m.media-amazon.com/images/I/711qf5TsTWL._AC_UL320_.jpg
51,"ZUCLLIN® Stainless Steel Cooking and Serving Spoon Set of 5, Complete Silver Kitchen Tool (Pack of 5)",Rs. 360,4.4 out of 5 stars,https://m.media-amazon.com/images/I/51NDPD45urS._AC_UL320_.jpg
52,"BIRZAR Stainless Steel and Glass Spray Olive Oil Dispenser Bottle for Cooking, BBQ, Salad, Kitchen Baking, Roasting, Grilling, Frying, Pump with Mini Funnel, Silver, Transparent, 200 Ml",Rs. 430,5.0 out of 5 stars,https://m.media-amazon.com/images/I/61JdAVzzsaL._AC_UL320_.jpg
53,"Giffy® Microwave Oven Glove Mitts 2 Piece Set for Kitchen Cooking Heat Resistant, Thick & Safe, Protection of Hand for Utensils Gas Flame Grill Barbecue, Multi-Design",Rs. 234,4.0 out of 5 stars,https://m.media-amazon.com/images/I/51ma7ZzFO-L._AC_UL320_.jpg
54,"Vinod Legacy Pre-Seasoned Cast Iron Kadai, 26 cm,Induction Friendly,Black, 1 Piece","Rs. 2,590",4.3 out of 5 stars,https://m.media-amazon.com/images/I/71wo7y6bORL._AC_UL320_.jpg
55,"ECOPAL - Bamboo Cooking Utensils/Non Stick Spatulas, Ladles for Mixing and Turning Spoon Set - Pack of 3",Rs. 299,4.5 out of 5 stars,https://m.media-amazon.com/images/I/81urIhPOq8S._AC_UL320_.jpg
56,"GIFTOS365 Handmade Wooden Non-Stick Serving and Cooking Spoon Kitchen Tools Utensil, Set of 4",Rs. 220,4.1 out of 5 stars,https://m.media-amazon.com/images/I/515CRwC8x2S._AC_UL320_.jpg
57,"The Indus Valley Natural Cookware Cast Iron Deep Kadai for Cooking- Induction Safe & Pre-Seasoned-(10 Inch, 3.44 Kg)","Rs. 1,275",3.7 out of 5 stars,https://m.media-amazon.com/images/I/51f7LdlVxEL._AC_UL320_.jpg
58,"Denique Stainless Steel Serving and Cooking Spoons Set of 5 pc Combo(1 of Slotted Turner, 1 of Ladle, 1 of Skimmer, 1 of Serving Big Spoon, 1 of Flex Turner(Sky Blue)",Rs. 499,4.5 out of 5 stars,https://m.media-amazon.com/images/I/71qpOTYJJWL._AC_UL320_.jpg
59,MILLENA GROW® - BBQ Oil Brush Bottle for Cooking with Silicone Oil Brush - 150 ML (1),Rs. 399,4.0 out of 5 stars,https://m.media-amazon.com/images/I/41VDNOgJzpS._AC_UL320_.jpg
60,Stainless Steel Manual Hand Pump for 15 kg Oil Tin | Kitchen Plastic Cooking Oil Pump-Manual Hand Oil Pump (Multi Color) (Pack of 01),Rs. 249,4.6 out of 5 stars,https://m.media-amazon.com/images/I/51sgf7-lLeL._AC_UL320_.jpg
61,Ikai Asai Hand Crafted Black Clay Medium Cooking Pot,"Rs. 6,000",4.0 out of 5 stars,https://m.media-amazon.com/images/I/61kV4o9Dd4L._AC_UL320_.jpg
62,AmazonBasics Non-Stick 8-Piece Cookware Set,"Rs. 2,529",4.2 out of 5 stars,https://m.media-amazon.com/images/I/715qOOqdKNL._AC_UL320_.jpg
63,Cooking (Chic Simple),"Rs. 4,665",4.6 out of 5 stars,https://m.media-amazon.com/images/I/41KX5AF5D7L._AC_UL320_.jpg
64,LB RAY Cooking Spray Sunflower Oil - 200ml Low Calorie 100% Oil Spray,Rs. 350,4.2 out of 5 stars,https://m.media-amazon.com/images/I/61-1-iVhldL._AC_UL320_.jpg
65,Cable World Plastic Luxury Kitchen Set Cooking Toy with Briefcase and Accessories (Yellow),Rs. 371,3.9 out of 5 stars,https://m.media-amazon.com/images/I/713XyzdZ2IL._AC_UL320_.jpg
66,SeGrand Clay Kadai (2 L) with Handle and Lid for Cooking on Gas - Unglazed and Non Coated Hand Crafted Terracotta Earthen Pot - Brown,Rs. 789,3.5 out of 5 stars,https://m.media-amazon.com/images/I/710c8wI7fFL._AC_UL320_.jpg
67,"COOKING: IT AIN'T ROCKET SCIENCE: Master Sophisticated Recipes Using a Ridiculously Easy Step-by-Step Method (Baking: Desserts, Pastry & Bread Book 1)",Rs. 265,4.8 out of 5 stars,https://m.media-amazon.com/images/I/81xhIk5FuZL._AC_UL320_.jpg
68,"KBS Food-Grade Plastic 1 litres Oil Dispenser for Cooking, Easy Flow Oil and Vinegar Bottle, Oil Pourer, Liquid Dispenser, Transparent, Unbreakable",Rs. 160,4.1 out of 5 stars,https://m.media-amazon.com/images/I/41usK8F9cTS._AC_UL320_.jpg
69,Galaxy Hi-Tech Plastic 3 in 1 Mini Portable Realistic Miniature Chefs Pretend Play Kitchen Cooking Set for Boys and Girls - Pink,Rs. 879,4.0 out of 5 stars,https://m.media-amazon.com/images/I/71KK34GN1UL._AC_UL320_.jpg
70,"DecorDen Wooden Natural Cooking Spoon, Ladles & Turning Spatulas Handmade Wooden Non-Stick Serving and Cooking Spoon Kitchen Tools Utensil, Set of 6 (Sheesham Wood, Set of 6)",Rs. 449,3.6 out of 5 stars,https://m.media-amazon.com/images/I/61nibBa50xL._AC_UL320_.jpg
71,CBK Silicon Heat Resistant Oil Brush with Spatula for Pastry Baking Cooking Grilling Easy and Durable (Multi Color),Rs. 99,3.7 out of 5 stars,https://m.media-amazon.com/images/I/51G-OxG5yuS._AC_UL320_.jpg
72,Mforall 6 Pcs/Set Nylon Heat-Resistant Nonstick Spoon Spatula Turner Scoop Kitchen Cooking Utensil Tools Set,Rs. 299,2.8 out of 5 stars,https://m.media-amazon.com/images/I/41MfhIiVvCL._AC_UL320_.jpg
73,"Craft Expertise Wooden Natural Cooking Spoons With Cutlery Holder Set Of 7 Spoons, Brown",Rs. 499,5.0 out of 5 stars,https://m.media-amazon.com/images/I/71IPuZbCfLS._AC_UL320_.jpg
74,LB RAY Cooking Spray Olive Oil 200ml - Low Calorie 100% Oil Spray,Rs. 470,4.6 out of 5 stars,https://m.media-amazon.com/images/I/71jmBYDsm2L._AC_UL320_.jpg
75,"Silvester � Stainless Steel (with Handle) 1000 ml Cooking Oil Dispenser Oil Nozzle Dropper Container, Dust & Leak Proof Oil Bottle Pourer with Handle, Oil Pot, Vinegar Dispenser (Silver) (Pcs of 1)",Rs. 299,4.6 out of 5 stars,https://m.media-amazon.com/images/I/41gmm9VLEAL._AC_UL320_.jpg
76,"Clazkit YH-547W Silicone Iron Non-Sticky Spatula Kitchen Set for Cooking,White Color with Stripes",Rs. 206,4.5 out of 5 stars,https://m.media-amazon.com/images/I/51lIFdMVtUL._AC_UL320_.jpg
77,Qbic Set of 9PCS Children Kitchen StainlessSteel Tableware Cooking Utensil Toy for Kids(Classic),Rs. 849,3.5 out of 5 stars,https://m.media-amazon.com/images/I/51KB5E5zMFL._AC_UL320_.jpg
78,"Clazkit Premium Silicone Non-Stick Spatula and Brush with Scraper for Cooking, Baking and Mixing with Stainless Steel Core, 3-Pieces,Red,Length 21cm",Rs. 239,4.3 out of 5 stars,https://m.media-amazon.com/images/I/61qT2LFfkBL._AC_UL320_.jpg
79,"Spatlus Silicone Spatulas,Heat Resistant Non-Stick Flexible Rubber Scrapers Bakeware Tool Essential Cooking Gadget Spatula Spoon Big 27cm |Pack of 2 RED",Rs. 299,5.0 out of 5 stars,https://m.media-amazon.com/images/I/416rC5bwFaL._AC_UL320_.jpg
80,"Nirvika Handi Set Copper Bottom Handi Set/Cookware Set of 5 Pieces Without lid Cooking Serving Bowl biryani Milk Pot pan Size: 500 ML, 800 ML, 1000 ML, 1500 ML, (Copper, Stainless Steel, Non-Stick)",Rs. 549,4.0 out of 5 stars,https://m.media-amazon.com/images/I/61RoRQKpTjL._AC_UL320_.jpg
81,"The Indus Valley Neem Wood Ladles/Spatulas for Cooking/Serving - (Set of 4, Thick & Long)",Rs. 693,4.4 out of 5 stars,https://m.media-amazon.com/images/I/61IIHXzlqcL._AC_UL320_.jpg
82,"Cooking Coconut Oil , 100% Pure , Edible (5 Litre)","Rs. 1,299",4.4 out of 5 stars,https://m.media-amazon.com/images/I/71Rx7YX42HL._AC_UL320_.jpg
83,"Gnexin Heat Resistant Silicone Basting Set BBQ Barbecue Oil Brush, Pastry Brush Set for Cooking, Oil Brush for Kitchen, Cooking Oil Brush with Glass Jar(Multicolor)",Rs. 329,4.5 out of 5 stars,https://m.media-amazon.com/images/I/61FmpvVLbbL._AC_UL320_.jpg
84,CPV CRAFTS Chennai Pots Handmade Clay Mud Kadai/Handi for All Veg & Non Veg Curry Cooking Pot with Aluminum Handle 2.2 ltrs (Medium),Rs. 429,3.4 out of 5 stars,https://m.media-amazon.com/images/I/71Nbus8xqKS._AC_UL320_.jpg
85,"Wrixty Auto Flip Olive Oil Glass Bottle Leak Proof Condiment Container with Automatic Cap and Stopper, Glass Bottles for Kitchen Cooking (Transparent, 600 ml)",Rs. 409,4.2 out of 5 stars,https://m.media-amazon.com/images/I/51AzQBcLrsL._AC_UL320_.jpg
86,SeGrand Clay Kadai (2 litres) and Tawa (8 inch Diameter) Combo Set - with Handle and Lid for Cooking on Gas - Hand Crafted Terracotta Earthen Pot,Rs. 949,3.7 out of 5 stars,https://m.media-amazon.com/images/I/618VhpR0y6L._AC_UL320_.jpg
87,"Kitchen Crafting Present Stainless Steel Oil Dispenser 1000ml, Oil Pot, Oil Can, Oil Kitchen Container with nozzle vinegar sauce liquid condiment dispenser of 1 Litre (Silver, Pack of 1)",Rs. 469,4.0 out of 5 stars,https://m.media-amazon.com/images/I/41MzuG3OmsL._AC_UL320_.jpg
88,"SHIBU Utensil Kart Momos and Idli Steamer 4 Tier Premium Aluminium Momo Maker with Handles, Durable 4 Tier Steamer for Cooking, Suitable for Home's Kitchen (Silver, Small, 4L Size)",Rs. 649,3.0 out of 5 stars,https://m.media-amazon.com/images/I/61W45anPRIS._AC_UL320_.jpg
89,"SHIBU Utensil Kart Momos 3 Tier Premium Aluminium Momo Maker with Handles, Durable Steamer for Cooking, Small Size 4L, Silver",Rs. 599,3.4 out of 5 stars,https://m.media-amazon.com/images/I/41AIPyeKJXL._AC_UL320_.jpg
90,Daily Deals Cast Iron Pre-Seasoned Grill Pan (Black),"Rs. 1,499",3.8 out of 5 stars,https://m.media-amazon.com/images/I/816+iVrE4-L._AC_UL320_.jpg
91,"SHIBU Aluminum Momos Maker & Steamer With Handles (5L), Silver",Rs. 699,3.7 out of 5 stars,https://m.media-amazon.com/images/I/711qf5TsTWL._AC_UL320_.jpg
92,"Anchgorh Sheesham Wooden Spoon Set | Spatula Set | Cutlery Sets | Wooden Utensils | Kitchen Tools | Serving Spoon | Cooking Spoon Set for Kitchen, Set of 3, Brown",Rs. 222,5.0 out of 5 stars,https://m.media-amazon.com/images/I/71TXyBivlHL._AC_UL320_.jpg
93,"cooking : From Scratch: Intended to inspire you, these recipes are easy to prepare and are adaptable to your taste and of course the price of available ingredients.",Rs. 0,3.0 out of 5 stars,https://m.media-amazon.com/images/I/81NMulDwMhL._AC_UL320_.jpg
94,ARDVAN INDIA Clay Pot Terracotta Cooking Gas Dahi Earthenware Biryani Serving Curd Handcrafted Handi with Lid (Brown Polished 2000 Ml) | Pot | Dinnerware Bowl Microwave Safe,Rs. 799,5.0 out of 5 stars,https://m.media-amazon.com/images/I/61CY9CFfzPL._AC_UL320_.jpg
95,PTR Heavy Base Aluminum Kadhai/Frying Pan for Cooking (1 Litre),Rs. 399,4.1 out of 5 stars,https://m.media-amazon.com/images/I/518jcaDHZTL._AC_UL320_.jpg
96,"Fortune Rice Bran Health Oil, Cooking Oil for Healthier Heart, 5l Jar",Rs. 894,4.4 out of 5 stars,https://m.media-amazon.com/images/I/41fAkhF7UtL._AC_UL320_.jpg
97,"VAGHBHATT Clay/Earthen Kadai/ Pots for Cooking ( 1lit, Used on lpg , Brown , Terracotta)",Rs. 639,3.3 out of 5 stars,https://m.media-amazon.com/images/I/41yjCsArBkL._AC_UL320_.jpg
98,"Bell Pepper Handmade Wooden Spatula Set for Non-Stick Cooking and Serving Kitchen Tools Sheesham Premium Spoons - 1 Soup ladle, 1 Spatula (Set of 2, Brown)",Rs. 299,4.2 out of 5 stars,https://m.media-amazon.com/images/I/610-1DWd3dL._AC_UL320_.jpg
99,"LONGMIRE Barbie Kitchen Set for Kids Girls Toys | Kids Toys for Girls Kitchen Cooking Toy Set with Briefcase ,Pretend Play Set for 3 Years Old Kids - Yellow",Rs. 599,5.0 out of 5 stars,https://m.media-amazon.com/images/I/61osWV8tVKL._AC_UL320_.jpg
100,LNE CRAFTS Handmade Clay Handi/kadai for Veg Non Veg Cooking Pot can be use Gas Stove (Small) 1 LTR,Rs. 389,5.0 out of 5 stars,https://m.media-amazon.com/images/I/7165nxjh9aS._AC_UL320_.jpg
101,Ikai Asai Hand Crafted Black Clay Medium Cooking Pot,"Rs. 6,000",4.0 out of 5 stars,https://m.media-amazon.com/images/I/61kV4o9Dd4L._AC_UL320_.jpg
102,AmazonBasics Non-Stick 8-Piece Cookware Set,"Rs. 2,529",4.2 out of 5 stars,https://m.media-amazon.com/images/I/715qOOqdKNL._AC_UL320_.jpg
103,SeGrand Clay Kadai (2 litres) and Tawa (8 inch Diameter) Combo Set - with Handle and Lid for Cooking on Gas - Hand Crafted Terracotta Earthen Pot,Rs. 949,3.7 out of 5 stars,https://m.media-amazon.com/images/I/618VhpR0y6L._AC_UL320_.jpg
104,SeGrand Clay Kadai (2 L) with Handle and Lid for Cooking on Gas - Unglazed and Non Coated Hand Crafted Terracotta Earthen Pot - Brown,Rs. 789,3.5 out of 5 stars,https://m.media-amazon.com/images/I/710c8wI7fFL._AC_UL320_.jpg
105,"Craftsman India online Pre-Seasoned Gas Stove and Microwave Unglazed Pottery Earthen Kadai/Clay Pots Combo for Cooking (1 and 2 L, Black)",Rs. 799,4.0 out of 5 stars,https://m.media-amazon.com/images/I/61s2682DHcS._AC_UL320_.jpg
106,FAIRY HOME™ Water Proof Canvas Plain Cooking Apron with Pocket Set of 4,Rs. 349,5.0 out of 5 stars,https://m.media-amazon.com/images/I/61lfAudCVyL._AC_UL320_.jpg
107,"Saffola Total Refined Cooking Oil | Blended Rice Bran & Safflower Oil | Helps Manage Cholesterol | Pouch, 4 X 1L Pouch",Rs. 765,5.0 out of 5 stars,https://m.media-amazon.com/images/I/71hsMUXTUWL._AC_UL320_.jpg
108,Oddy Uniwraps Ecobake Baking and Cooking Parchment Paper- White (10 inch X 20m ),Rs. 199,4.5 out of 5 stars,https://m.media-amazon.com/images/I/517p0n5PNdL._AC_UL320_.jpg
109,Ethnic Forest Kitchen Play Set with Lights & Sound for Girls | Kitchen Set for Kids Girls Toys | Kids Toys for Girls Kitchen Cooking Toy Set with Briefcase for Girls (Yellow) (Kitchen Set),Rs. 323,3.4 out of 5 stars,https://m.media-amazon.com/images/I/5116JTYwzmL._AC_UL320_.jpg
110,Mohini Steels Aluminium Cooking Set for Kitchen,Rs. 900,5.0 out of 5 stars,https://m.media-amazon.com/images/I/71aMb-rtHuL._AC_UL320_.jpg
111,"Clazkit - YH1109 Silicone Brush and Spatula Set, 2-Pieces, Red",Rs. 149,4.0 out of 5 stars,https://m.media-amazon.com/images/I/61lWZB5qMVL._AC_UL320_.jpg
112,"Nickeepopz Miniature Kitchen Set , Mini Kitchen Set , Kitchen Set for Girls , Real Cooking Kit for Play , Steel Kitchen Set for Girls , Choppu Jaman , Miniature Cooking Set for Kids , Baby Kitchen Set Toys for Girls , Mini Kitchen Set for Kids -26pcs",Rs. 425,5.0 out of 5 stars,https://m.media-amazon.com/images/I/71aZaSkqHdL._AC_UL320_.jpg
113,"BVM GROUP Baby Kitchen Set Indian Cooking Pretend Chef Bring Along Kitchen Play Set Plastic Toy Color Mixture, Stove and Tiffin Box - for Girl Kids (Gas+Cooker+Spoons) + Free GDF PAD",Rs. 249,3.0 out of 5 stars,https://m.media-amazon.com/images/I/51QtBfGn++L._AC_UL320_.jpg
114,"Figaro Olive Oil, 2L All Cooking Healthy Olive Oil  Durable Tin Packaging","Rs. 1,268",4.5 out of 5 stars,https://m.media-amazon.com/images/I/51o145u6oqL._AC_UL320_.jpg
115,"Friday Society SAGO Basting Silicone Oil Brush Set Baking Pastry with 1 Free Back up Head (RED) 304 Stainless Steel Brush Handle with BPA-Free Bristles, Dishwasher Safe - FDA Approved",Rs. 299,4.4 out of 5 stars,https://m.media-amazon.com/images/I/81NRlO2GZuL._AC_UL320_.jpg
116,"Vudy 7 PCS Wooden Spoons and Spatula for Cooking, Sleek, Sold and Non-Stick Cookware for Home Use and Kitchen Décor",Rs. 299,4.1 out of 5 stars,https://m.media-amazon.com/images/I/61UCuQ9BC0L._AC_UL320_.jpg
117,"Craftsman India Online Unglazed Terracotta Clay Pottery Mud Pot/Earthen Handi for Cooking and Serving (Black, 3 L)",Rs. 979,4.2 out of 5 stars,https://m.media-amazon.com/images/I/51ivYFjvV5S._AC_UL320_.jpg
118,"Hetarmi Enterprise Kitchen Plastic Cooking Manual Hand Oil Pump (MultiColor,Pack of 1)",Rs. 195,3.4 out of 5 stars,https://m.media-amazon.com/images/I/51YnBJaV1kL._AC_UL320_.jpg
119,"HS Enterprise™ Serving Handi 3 Pcs. Set Copper Bottom 1.1 L, 1.6 L, 2.1 L, Stainless Steel Cooking Pot Biryani Punjabi Kitchen Serving, Bowl with Lid and Handle Cookware Set",Rs. 729,4.2 out of 5 stars,https://m.media-amazon.com/images/I/51tRqyPG+qL._AC_UL320_.jpg
120,NIRLON Cooking Non Stick Aluminium Mini Tadka Pan/Vagariya 13cm[3mm_Clasic_CVG],Rs. 237,3.6 out of 5 stars,https://m.media-amazon.com/images/I/61VfRyfAq6L._AC_UL320_.jpg
121,"KEYCHAINEX World Stainless Steel Cooking Utensil Set Serving Steel Spoons with Plastics Handle, with Stand Set of 5 Yellow (Steel)",Rs. 499,4.0 out of 5 stars,https://m.media-amazon.com/images/I/61cFcwPUvaL._AC_UL320_.jpg
122,"Parage Stainless Steel Cooking and Serving Spoon Set for Kitchen, 10 Pieces, Silver (Contains: Ladles, Turners, Strainer, Rice Spoon, Oval Spoon, Serving Spoon), Kitchen Tools Set",Rs. 645,4.4 out of 5 stars,https://m.media-amazon.com/images/I/71izDykn3cL._AC_UL320_.jpg
123,WOOD ART STORE Wooden Kitchen Utensil Set 5 Cooking and Serving Utensils Spatula Spoons for Cooking Nonstick Cookware Handmade by Natural Sheesham Wood with One Silicon Brush and Silicon Spatula,Rs. 125,3.9 out of 5 stars,https://m.media-amazon.com/images/I/61ssxHLr3PL._AC_UL320_.jpg
124,"Kitchen Crafting Present Stainless Steel Oil Dispenser 1000ml, Oil Pot, Oil Can, Oil Kitchen Container with nozzle vinegar sauce liquid condiment dispenser of 1 Litre (Silver, Pack of 1)",Rs. 469,4.0 out of 5 stars,https://m.media-amazon.com/images/I/41MzuG3OmsL._AC_UL320_.jpg
125,"Utensil Kart by Shibu Momos 3 Tier Premium Aluminium Momo Maker with Handles, Durable 3 Tier Steamer for Cooking, Suitable for Home's Kitchen Small Size(3L)",Rs. 599,3.4 out of 5 stars,https://m.media-amazon.com/images/I/41Pzx1FJr4L._AC_UL320_.jpg
126,"SHIBU Utensil Kart Momos and Idli Steamer 4 Tier Premium Aluminium Momo Maker with Handles, Durable 4 Tier Steamer for Cooking, Suitable for Home's Kitchen (Silver, Small, 4L Size)",Rs. 649,3.0 out of 5 stars,https://m.media-amazon.com/images/I/61W45anPRIS._AC_UL320_.jpg
127,"SHIBU Utensil Kart Momos 3 Tier Premium Aluminium Momo Maker with Handles, Durable Steamer for Cooking, Small Size 4L, Silver",Rs. 599,3.4 out of 5 stars,https://m.media-amazon.com/images/I/41AIPyeKJXL._AC_UL320_.jpg
128,Daily Deals Cast Iron Pre-Seasoned Grill Pan (Black),"Rs. 1,499",3.8 out of 5 stars,https://m.media-amazon.com/images/I/816+iVrE4-L._AC_UL320_.jpg
129,"SHIBU Aluminum Momos Maker & Steamer With Handles (5L), Silver",Rs. 699,3.7 out of 5 stars,https://m.media-amazon.com/images/I/711qf5TsTWL._AC_UL320_.jpg
130,"NSXEEN Chef's Basting Set Silicone Oil Pastry Brush Dispenser Glass Docking Bowl Set for Cooking, BBQ, Baking and Grilling, Color: Green",Rs. 379,4.3 out of 5 stars,https://m.media-amazon.com/images/I/71gHF5plNuL._AC_UL320_.jpg
131,"Queenly Waterproof and Oil-Proof Cooking Gown, Kitchen Fashion Home, Kitchen Apron Adult Female (Color : Brown/Khakhi)",Rs. 399,4.1 out of 5 stars,https://m.media-amazon.com/images/I/71gY30SFC0L._AC_UL320_.jpg
132,"DiSano Extra Light Olive Oil, Ideal for Indian Cooking, 5L","Rs. 2,719",4.4 out of 5 stars,https://m.media-amazon.com/images/I/71xUL81PU-L._AC_UL320_.jpg
133,"Baskety Silicone Spatula Set | 4 Versatile Tools Cooking, Baking and Mixing Non-Stick & Heat Resistant | Strong Stainless Steel Core Kitchen Utensils (Black)",Rs. 649,4.2 out of 5 stars,https://m.media-amazon.com/images/I/511ieENq0-L._AC_UL320_.jpg
134,Toyshine Luxury Kitchen Set Cooking Toy with Briefcase and Accessories (Yellow),Rs. 494,4.1 out of 5 stars,https://m.media-amazon.com/images/I/61X7h8VQrFL._AC_UL320_.jpg
135,"Craftsman India online Pre-Seasoned Gas Stove and Microwave Unglazed Pottery Earthen Kadai/Clay Pots Combo for Cooking (1 and 2 L, Black)",Rs. 799,4.0 out of 5 stars,https://m.media-amazon.com/images/I/61s2682DHcS._AC_UL320_.jpg
136,Oddy Uniwraps Ecobake Baking and Cooking Parchment Paper- White (10 inch X 20m ),Rs. 199,4.5 out of 5 stars,https://m.media-amazon.com/images/I/517p0n5PNdL._AC_UL320_.jpg
137,"ALWAFLI Handi Set Copper Bottom Handi Set of 3pc pcs Piece with lid Kitchen Serving, Cooking Bowl | Handi Set 3-Pieces | Copper Bottom Handi Set with LID",Rs. 589,4.6 out of 5 stars,https://m.media-amazon.com/images/I/71ydGS4NpdS._AC_UL320_.jpg
138,ScentRose Stainless Steel Big Size Cooking & Serving Spoons Daily use | Premium Quality (Set of 6),Rs. 389,4.8 out of 5 stars,https://m.media-amazon.com/images/I/41XptuXx1CL._AC_UL320_.jpg
139,SWADESHI BLESSINGS Exclusive Range Unglazed Clay Pot For Cooking & Serving with Lid (2.5Liters) and Natural White Firing Shade & Mirror Shine (Gerua),Rs. 999,4.2 out of 5 stars,https://m.media-amazon.com/images/I/71e1WRieQDL._AC_UL320_.jpg
140,Nakshathra Black Pure Iron Miniature Kitchen Set for Kids,"Rs. 1,199",4.4 out of 5 stars,https://m.media-amazon.com/images/I/51WWD0A2QfS._AC_UL320_.jpg
141,WOOD ART STORE Handmade Wooden Serving and Cooking Spoon Kitchen Utensil Set of 5,Rs. 209,4.0 out of 5 stars,https://m.media-amazon.com/images/I/71fW2pbKrJL._AC_UL320_.jpg
142,"Fortune Rice Bran Health Oil, Cooking Oil for Healthier Heart, 5l Jar",Rs. 895,4.5 out of 5 stars,https://m.media-amazon.com/images/I/41fAkhF7UtL._AC_UL320_.jpg
143,AmazonBasics Non-Stick 8-Piece Cookware Set,"Rs. 2,529",4.2 out of 5 stars,https://m.media-amazon.com/images/I/715qOOqdKNL._AC_UL320_.jpg
144,Ikai Asai Hand Crafted Black Clay Medium Cooking Pot,"Rs. 6,000",4.0 out of 5 stars,https://m.media-amazon.com/images/I/61kV4o9Dd4L._AC_UL320_.jpg
145,SeGrand Clay Kadai (2 litres) and Tawa (8 inch Diameter) Combo Set - with Handle and Lid for Cooking on Gas - Hand Crafted Terracotta Earthen Pot,Rs. 949,3.7 out of 5 stars,https://m.media-amazon.com/images/I/618VhpR0y6L._AC_UL320_.jpg
146,"ELEPHANTBOAT Flamethrower Butane Burner Auto Ignition Camping Weldin Blow Torch for Creme Brulee, Kitchen, Cooking, BBQ",Rs. 529,3.9 out of 5 stars,https://m.media-amazon.com/images/I/51pA+cYmy9L._AC_UL320_.jpg
147,"Gnexin Heat Resistant Silicone Basting Set BBQ Barbecue Oil Brush, Pastry Brush Set for Cooking, Oil Brush for Kitchen, Cooking Oil Brush with Glass Jar(Multicolor)",Rs. 329,4.5 out of 5 stars,https://m.media-amazon.com/images/I/61FmpvVLbbL._AC_UL320_.jpg
148,Tabu Toys World 26 Pieces Ultimate Kid Chef Bring Along Kitchen Cooking Suitcase Set - Multicolor,Rs. 390,3.9 out of 5 stars,https://m.media-amazon.com/images/I/5116JTYwzmL._AC_UL320_.jpg
149,"NIRVIKA Stainless Steel with Copper Bottom Handi Kitchen Serving, Cooking Bowl Set with Lid - Set of 3 Pieces Cookware, 3 Piece Urli Lid",Rs. 799,3.8 out of 5 stars,https://m.media-amazon.com/images/I/619iXdAT1RL._AC_UL320_.jpg
150,"MAXABLE Wooden Serving and Cooking Spoon Set, Sheesham Wood Spoon Kitchen Tools Utensil, Non Stick",Rs. 399,3.9 out of 5 stars,https://m.media-amazon.com/images/I/61TEunHFPsL._AC_UL320_.jpg
151,BVM GROUP Utensils Plastic Non Toxic Indian Toy Kitchen Set for Kids Cooking Set for Girls Entertaining Toy Best Gift for Kids Indoor Game for Children (36 Piece),Rs. 369,2.9 out of 5 stars,https://m.media-amazon.com/images/I/81Atz5Pzb2L._AC_UL320_.jpg
152,"Simran Handicrafts Handmade Wooden Non Stick Cooking and Serving Set of 7 | 2 Frying, 1 Serving, 1 Spatula, 1 Chapati Spoon, 1 Desert, 1 Rice",Rs. 73,3.6 out of 5 stars,https://m.media-amazon.com/images/I/A1VVzhje3bL._AC_UL320_.jpg
153,"Hudson Canola Oil, Healthiest Cooking Oil, Indian Medical Association Recommended -1L (Pack of 2)",Rs. 494,4.4 out of 5 stars,https://m.media-amazon.com/images/I/61V7pLQ8fSS._AC_UL320_.jpg
154,"SeGrand Clay Hand Crafted Earthenware Biryani Handi Pot (5 L) with Lid and Handle for Cooking on Gas - Available in Small, Medium & Large - Brown, Terracotta","Rs. 1,149",3.8 out of 5 stars,https://m.media-amazon.com/images/I/61ZjxnJlmxL._AC_UL320_.jpg
155,"TECNOFEX Oil Sprayer for Cooking, 100ml Oil Spray Bottle Versatile Glass for Cooking, Baking, Roasting, Grilling with silicone Oli brush or spatula (1)",Rs. 349,5.0 out of 5 stars,https://m.media-amazon.com/images/I/51u15TqguSL._AC_UL320_.jpg
156,"Jala Stainless Steel Copper Bottom Kitchen Serving,Cooking Bowl Handi, Biryani Handi,Biryani, Punjabi Pot Pan Combo Handi Set 5 Piece (Without lid) (Size 2.1 L, 1.6 L, 1.1 L, 0.8 L, 0.5 L)",Rs. 649,4.5 out of 5 stars,https://m.media-amazon.com/images/I/61NIA3MPVYS._AC_UL320_.jpg
157,MAMU SHOP Kids Kitchen Wooden Set Cooking appliances Made in India / Choppu Jaman-Multicolour,Rs. 350,5.0 out of 5 stars,https://m.media-amazon.com/images/I/41rrRxkUdPL._AC_UL320_.jpg
158,"Agneekaa Ecomini Biomass Cooking Stove, Smokeless Chulha/Stove for Outdoor Hiking Picnic BBQ, Portable Fire Pit, Charcoal Camp Stove, Boat Friendly","Rs. 2,050",3.9 out of 5 stars,https://m.media-amazon.com/images/I/71H9QCtUCgL._AC_UL320_.jpg
159,B BOZZBY™Nylon Nonstick Skimmer/Turner/Ladle Scoop/Serving Spoon/Slotted Serving Spoon for Kitchen Cooking Backing Utensil Tools Set (Black Color- Combo of 5 Pcs),Rs. 499,4.7 out of 5 stars,https://m.media-amazon.com/images/I/61ymcKV3taS._AC_UL320_.jpg
160,"Urban Platter Japanese Cooking Rice-Wine (Hon-Mirin), 500ml",Rs. 422,4.4 out of 5 stars,https://m.media-amazon.com/images/I/61IFbdS0zdS._AC_UL320_.jpg
161,OZXI Pack of 2 Stainless Steel Manual Hand Pump for 15 kg Oil Tin | Kitchen Plastic Cooking Oil Pump-Manual Hand Oil Pump (Multi Color).,Rs. 299,1.0 out of 5 stars,https://m.media-amazon.com/images/I/51NKHyOBgTL._AC_UL320_.jpg
162,"YANCI Wiping Hands Apron, Adjustable Bib Waterproof Velvet Stitched Apron with Pockets Cooking Kitchen Chef Women Aprons for Home Kitchen, Restaurant, Coffee House",Rs. 399,3.9 out of 5 stars,https://m.media-amazon.com/images/I/61rklr+k8TS._AC_UL320_.jpg
163,ORBON E-Cook Jhonson 2000 Watts Electric Coil Cooking Stove | Electric Cooking Heater | Induction Cooktop | G Coil Hot Plate Cooking Stove | Works With All Metal Utensils & Cookwares (Vitreous Black),"Rs. 1,699",3.1 out of 5 stars,https://m.media-amazon.com/images/I/81AZ7QmFNoL._AC_UL320_.jpg
164,"VAGHBHATT Clay/Earthen Kadai/ Pots for Cooking ( 1lit, Used on lpg , Brown , Terracotta)",Rs. 639,3.3 out of 5 stars,https://m.media-amazon.com/images/I/41yjCsArBkL._AC_UL320_.jpg
165,"Craftsman India Online Pre-Seasoned Earthen/Clay Handi/Kadai/Pot Combo, Red, 1, 2 & 3 L",Rs. 899,4.0 out of 5 stars,https://m.media-amazon.com/images/I/61zWJGMyWpS._AC_UL320_.jpg
166,"Kitchen Crafting Present Stainless Steel Oil Dispenser 1000ml, Oil Pot, Oil Can, Oil Kitchen Container with nozzle vinegar sauce liquid condiment dispenser of 1 Litre (Silver, Pack of 1)",Rs. 469,4.0 out of 5 stars,https://m.media-amazon.com/images/I/41MzuG3OmsL._AC_UL320_.jpg
167,"Utensil Kart by Shibu Momos 3 Tier Premium Aluminium Momo Maker with Handles, Durable 3 Tier Steamer for Cooking, Suitable for Home's Kitchen Small Size(3L)",Rs. 599,3.4 out of 5 stars,https://m.media-amazon.com/images/I/41Pzx1FJr4L._AC_UL320_.jpg
168,"Kerala Traditional South India Village Pottery Traditional Pre-Seasoned Clay Pot for Cooking on Gas Combo of 3/Earthern Cookware /Manchatti for Cooking/Clay Pot for Cooking Pre-Seasoned (Black,1,2,3L)",Rs. 799,5.0 out of 5 stars,https://m.media-amazon.com/images/I/61cWItAwkuL._AC_UL320_.jpg
169,"SHIBU Utensil Kart Momos and Idli Steamer 4 Tier Premium Aluminium Momo Maker with Handles, Durable 4 Tier Steamer for Cooking, Suitable for Home's Kitchen (Silver, Small, 4L Size)",Rs. 649,3.0 out of 5 stars,https://m.media-amazon.com/images/I/61W45anPRIS._AC_UL320_.jpg
170,"SHIBU Utensil Kart Momos 3 Tier Premium Aluminium Momo Maker with Handles, Durable Steamer for Cooking, Small Size 4L, Silver",Rs. 599,3.4 out of 5 stars,https://m.media-amazon.com/images/I/41AIPyeKJXL._AC_UL320_.jpg
171,Daily Deals Cast Iron Pre-Seasoned Grill Pan (Black),"Rs. 1,499",3.8 out of 5 stars,https://m.media-amazon.com/images/I/816+iVrE4-L._AC_UL320_.jpg
172,"Alciono Silicone Kitchen Utensils, Silicone Heat-Resistant Non-Stick Utensil Set Cooking Tools, Turner, Whisk, Spoon, Brush, Spatula, Ladle Slotted Tongs Pasta Fork- Grey.","Rs. 1,399",4.5 out of 5 stars,https://m.media-amazon.com/images/I/61UT8PB5vlS._AC_UL320_.jpg
173,hoatzin Plastic Luxury Kitchen Set Cooking Toy with Briefcase and Accessories,Rs. 399,5.0 out of 5 stars,https://m.media-amazon.com/images/I/71hInyyallL._AC_UL320_.jpg
174,"Craftsman India Online Clay Pottery Earthen Kadai/Clay Pots for Cooking with Lid Pre-Seasoned,1 L, Deep Burned Black",Rs. 549,4.0 out of 5 stars,https://m.media-amazon.com/images/I/51I+CYgDffS._AC_UL320_.jpg
175,Cable World Portable Cooking Kitchen Play Set Pretend Play Food Party Role Toy for Boys Girls – Pink,Rs. 499,4.2 out of 5 stars,https://m.media-amazon.com/images/I/71Qmm8CAkeL._AC_UL320_.jpg
176,EESOME Premium Teak Wood Cooking Spoons/Kitchen Tools (Set of Four - 2 Spatulas and 2 Spoons),Rs. 499,5.0 out of 5 stars,https://m.media-amazon.com/images/I/71yuvmrbt9S._AC_UL320_.jpg
177,natureCRAFTS Wooden Spoon Set for Non Stick | Antibacterial Neem Wooden Spoons for Cooking | Kitchen Wooden Spoon Set of 4 Non Scratch for Container & Serving Spatula & Ladles.,Rs. 340,4.3 out of 5 stars,https://m.media-amazon.com/images/I/617+ojVChEL._AC_UL320_.jpg
178,Ethnic Forest Kitchen Play Set with Lights & Sound for Girls | Kitchen Set for Kids Girls Toys | Kids Toys for Girls Kitchen Cooking Toy Set with Briefcase for Girls (Yellow) (Yellow Kitchen Set),Rs. 375,3.4 out of 5 stars,https://m.media-amazon.com/images/I/61Mm2jqrUkL._AC_UL320_.jpg
179,"HEDRIX Oil for Cooking, Refillable Stainless Steel Oil Dispenser Bottle with Mini Funnel, Vinegar Glass Spray Bottle for BBQ, Salad, Baking, Grilling, Roasting, Frying, 1 Piece",Rs. 449,5.0 out of 5 stars,https://m.media-amazon.com/images/I/718zubNMobL._AC_UL320_.jpg
180,Del Monte Pomace Olive Oil 5L (4.58kg),"Rs. 1,549",4.3 out of 5 stars,https://m.media-amazon.com/images/I/618SpiF4PwL._AC_UL320_.jpg
181,"KBS Food-Grade Plastic 1 litres Oil Dispenser for Cooking, Easy Flow Oil and Vinegar Bottle, Oil Pourer, Liquid Dispenser, Transparent, Unbreakable",Rs. 160,4.1 out of 5 stars,https://m.media-amazon.com/images/I/41usK8F9cTS._AC_UL320_.jpg
182,"SHIBU Aluminum Momos Maker & Steamer With Handles (5L), Silver",Rs. 699,3.7 out of 5 stars,https://m.media-amazon.com/images/I/711qf5TsTWL._AC_UL320_.jpg
183,AmazonBasics Non-Stick 8-Piece Cookware Set,"Rs. 2,529",4.2 out of 5 stars,https://m.media-amazon.com/images/I/715qOOqdKNL._AC_UL320_.jpg
184,Ikai Asai Hand Crafted Black Clay Medium Cooking Pot,"Rs. 6,000",4.0 out of 5 stars,https://m.media-amazon.com/images/I/61kV4o9Dd4L._AC_UL320_.jpg
185,"Wrixty Auto Flip Olive Oil Glass Bottle Leak Proof Condiment Container with Automatic Cap and Stopper, Glass Bottles for Kitchen Cooking (Transparent, 600 ml)",Rs. 409,4.2 out of 5 stars,https://m.media-amazon.com/images/I/51AzQBcLrsL._AC_UL320_.jpg
186,A. H IMPEX Ladle for Cooking and Serving Spoon Stainless Steel. Heavy Gauge 30cm (Golchi),Rs. 100,3.5 out of 5 stars,https://m.media-amazon.com/images/I/51jnNMmjgaL._AC_UL320_.jpg
187,4U Crafts India Online LPG and Microwave Unglazed Clay Handi/Earthen Pot for Cooking. (Black : 3 Liter),Rs. 529,5.0 out of 5 stars,https://m.media-amazon.com/images/I/71aundCJ7gL._AC_UL320_.jpg
188,Craftsman India Online Pre-Seasoned Earthen/Clay-Handi/Kadai/Pot Combo 1 & 2 Liter,Rs. 699,4.2 out of 5 stars,https://m.media-amazon.com/images/I/51uOSteCL7S._AC_UL320_.jpg
189,KBB Brass Cooking Cutlery (AMBOSSED PALTA),Rs. 519,3.7 out of 5 stars,https://m.media-amazon.com/images/I/61pp5k32UfL._AC_UL320_.jpg
190,"NOHUNT Stainless Steel Manual Garlic Crusher Presser Ginger Press with Silicone Oil Brush and Spatula Set with Stainless Steel Handle Bastings Nonstick Cooking, Baking & BBQ",Rs. 293,5.0 out of 5 stars,https://m.media-amazon.com/images/I/61VjpAy17RS._AC_UL320_.jpg
191,"PALVIT CLAY ART GALLERY (P.C.A.G) Organic Terracotta Clay Curd Pot with Lid for Cooking/Clay Handi/MItti Handi, 650 ml, Brown",Rs. 319,3.4 out of 5 stars,https://m.media-amazon.com/images/I/613NuvywkyL._AC_UL320_.jpg
192,"Clazkit YHW843 Silicone Serving Spoon for Cooking, Baking, and Mixing with Heat Resistant Stay-Cool Wooden Handle (Grey)",Rs. 159,4.3 out of 5 stars,https://m.media-amazon.com/images/I/51rGyNKrfuL._AC_UL320_.jpg
193,"Parage Premium Stainless Steel Kitchen Tools Set for Cooking, Set of 5, 35 cm Length, Silver (Contains: 1 Ladle, 1 Skimmer,1 Turner, 1 Spatula, 1 Slotted Turner)-Design2",Rs. 459,4.0 out of 5 stars,https://m.media-amazon.com/images/I/51t6kH98F0L._AC_UL320_.jpg
194,NH Laheri Mini Modern Kitchen Food Cooking Accessories Cook Suitcase with Kitchen Tool kit & Little Chef Kitchen Set for Kids - Role Play Fun Toys Gift for Boys Girls Age 3 Years and Up,Rs. 680,4.1 out of 5 stars,https://m.media-amazon.com/images/I/71nxbM6bPPS._AC_UL320_.jpg
195,"4U Crafts India Online Pottery Earthen Kadai/Clay Pots Combo for Cooking and Serving Pre-Seasoned(Black1,2,3 Liter)",Rs. 849,4.3 out of 5 stars,https://m.media-amazon.com/images/I/71kyawDw5bS._AC_UL320_.jpg
196,"Craftsman India Online Gas Stove and Microwave Unglazed Pottery Clay Pot/Earthen Kadai for Cooking and Serving (Red, 4 L)",Rs. 699,4.2 out of 5 stars,https://m.media-amazon.com/images/I/51KxxxVG-gS._AC_UL320_.jpg
197,Dealnicy Stainless Steel Copper Bottom Handi with lid - Kitchen Serving & Cookware Bowl Cooking Bowl | Handi Set 5-Pieces | Biryani Handi Set,Rs. 798,3.8 out of 5 stars,https://m.media-amazon.com/images/I/41bB-znmoRL._AC_UL320_.jpg
198,"JIVO Canola Cold Press Oil ,Indian Medical Association Recommended, 5 LTR with 1 LTR Free","Rs. 1,399",4.5 out of 5 stars,https://m.media-amazon.com/images/I/8153CfQx5LL._AC_UL320_.jpg
199,"SYGA Medium Stainless Steel Steamer Basket for Vegetable/Insert for Pots, Pans steam boiling (6.5""-10"")",Rs. 499,4.2 out of 5 stars,https://m.media-amazon.com/images/I/71y9A+hJF8L._AC_UL320_.jpg
200,"Sakoraware Printed Food Grade Silicone Spatula (Big, 28 cm, Pack of 2) Non Stick High Heat Resistant with Wooden Handle for Cooking, Cake Mixer Baking & Mixing Scraper, Random Patterns and Color",Rs. 279,3.2 out of 5 stars,https://m.media-amazon.com/images/I/41Z2lcGyctS._AC_UL320_.jpg
201,"SHIBU Utensil Kart Momos 3 Tier Premium Aluminium Momo Maker with Handles, Durable Steamer for Cooking, Small Size 4L, Silver",Rs. 599,3.4 out of 5 stars,https://m.media-amazon.com/images/I/41AIPyeKJXL._AC_UL320_.jpg
202,"Kruvan Stainless Steel Hammered Tasla/Heavy Bottom Cookware/Kadai/Kadhai for Kitchen/Utensils for Cooking, Deep Frying (Without Handle, No.10, 1350ML)",Rs. 692,4.4 out of 5 stars,https://m.media-amazon.com/images/I/71TBLzoFNRL._AC_UL320_.jpg
203,"Elisel Silicone Spatula Set 6 Piece Sets of Baking Tools Stainless Steel Core Scratch Free Heat Resistant Silicone Scraper Shovel for Cooking, Baking and Mixing (Black 6)",Rs. 460,4.8 out of 5 stars,https://m.media-amazon.com/images/I/61ovRU+klzL._AC_UL320_.jpg
204,"Spatlus Non-Stick Silicone Cooking Utensils Set with Natural Acacia Hard Wood Handle, High Heat Resistant Grey Pack of 5",Rs. 999,4.8 out of 5 stars,https://m.media-amazon.com/images/I/61FUbzMCm6S._AC_UL320_.jpg
205,4U Crafts India Online Clay Pottery Earthen Kadai Clay Pots for Cooking and Serving. (Black :1 Liter),Rs. 399,4.4 out of 5 stars,https://m.media-amazon.com/images/I/71nHK-X3kJS._AC_UL320_.jpg
206,Zest 4 Toyz Kitchen Set for Kids Girls Big Cooking Set Light and Sound Portable Trolley Pretend Play Toys Battery Operated ( Pink-C ),"Rs. 1,549",4.2 out of 5 stars,https://m.media-amazon.com/images/I/81SPJRs-VaL._AC_UL320_.jpg
207,"DITYA ENTERPRISE 1500 ML Clear Casserole with Glass Cover for Cooking Bowls , Microwave, Oven, Freezer, and Dishwasher Safe [ Set of 1]",Rs. 538,3.5 out of 5 stars,https://m.media-amazon.com/images/I/51ftMcz2qdL._AC_UL320_.jpg
208,SeGrand Clay Kadai (2 litres) and Tawa (8 inch Diameter) Combo Set - with Handle and Lid for Cooking on Gas - Hand Crafted Terracotta Earthen Pot,Rs. 949,3.7 out of 5 stars,https://m.media-amazon.com/images/I/618VhpR0y6L._AC_UL320_.jpg
209,"Utensil Kart by Shibu Momos 3 Tier Premium Aluminium Momo Maker with Handles, Durable 3 Tier Steamer for Cooking, Suitable for Home's Kitchen Small Size(3L)",Rs. 599,3.4 out of 5 stars,https://m.media-amazon.com/images/I/41Pzx1FJr4L._AC_UL320_.jpg
210,"Kitchen Crafting Present Stainless Steel Oil Dispenser 1000ml, Oil Pot, Oil Can, Oil Kitchen Container with nozzle vinegar sauce liquid condiment dispenser of 1 Litre (Silver, Pack of 1)",Rs. 469,4.0 out of 5 stars,https://m.media-amazon.com/images/I/41MzuG3OmsL._AC_UL320_.jpg
211,Daily Deals Cast Iron Pre-Seasoned Grill Pan (Black),"Rs. 1,499",3.8 out of 5 stars,https://m.media-amazon.com/images/I/816+iVrE4-L._AC_UL320_.jpg
212,"Home Centre Corsica Glass Oil Bottle with Lid- 500 ml, Transparent, Standard",Rs. 249,4.3 out of 5 stars,https://m.media-amazon.com/images/I/61KvkRxRo0L._AC_UL320_.jpg
213,Ikai Asai Hand Crafted Black Clay Medium Cooking Pot,"Rs. 6,000",4.0 out of 5 stars,https://m.media-amazon.com/images/I/61kV4o9Dd4L._AC_UL320_.jpg
214,"Del Monte Extra Light Olive Oil PET, 2L",Rs. 899,4.5 out of 5 stars,https://m.media-amazon.com/images/I/61X9ibzRUqL._AC_UL320_.jpg
215,"KOWS® Pack of 2 Stainless Steel Pipe Net Square Roaster 8"" with TNG004B Steel Cooking Tong 7.5"" Roti Chapati, Papad Jali, Paneer Grill, Roti Maker, Barbeque Jali Roaster Kitchen Tool | Combo Set",Rs. 195,5.0 out of 5 stars,https://m.media-amazon.com/images/I/61yj5Jk2pbS._AC_UL320_.jpg
216,"Indus Valley Neem Wood Ladles Spatulas for Cooking & Serving, Set of 3, Brown",Rs. 479,4.4 out of 5 stars,https://m.media-amazon.com/images/I/51tWAPZCaQL._AC_UL320_.jpg
217,"TECNOFEX Oil Sprayer for Cooking, 100ml Oil Spray Bottle Versatile Glass for Cooking, Baking, Roasting, Grilling with silicone Oli brush or spatula (1)",Rs. 349,5.0 out of 5 stars,https://m.media-amazon.com/images/I/51u15TqguSL._AC_UL320_.jpg
218,Bestellen Handmade Wooden Cooking Spoons and Serving Spoon Set of 7 | Non Stick Kitchen Utensil Spoon Set Frying Spoon Spatula Spoon Dosa Spoon Serving Spoon,Rs. 99,4.0 out of 5 stars,https://m.media-amazon.com/images/I/61OeefrUwNL._AC_UL320_.jpg
219,"FI - FLICK IN Pretend Role Play Kitchen Set Cooking Toy for Kids, Little Chef Cookware Set Food & Accessories for 3+ Years Girls (50 Pieces) (Multicolor)",Rs. 449,4.1 out of 5 stars,https://m.media-amazon.com/images/I/6144U-ixTkL._AC_UL320_.jpg
220,"Cello Steelox Induction Compatible Stainless Steel Multi Purpose Steamer/Modak Maker with Glass Lid, 18Cm",Rs. 919,4.3 out of 5 stars,https://m.media-amazon.com/images/I/61St9f3JBRL._AC_UL320_.jpg
221,"Fruitalite Silicone Kitchen Utensils Spoon Spatula Cooking Set- 10 Pcs Non-Stick with Wooden Handle- BPA Free, Heat Resistant Item, Flexible Non Toxic, Silicon Food Grade Cookware Tools- Black","Rs. 1,599",4.5 out of 5 stars,https://m.media-amazon.com/images/I/71ciQyE+R6L._AC_UL320_.jpg
222,"Sakoraware Baking Essential Cotton Padded Heat Proof Microwave Baking Oven Mitt Gloves Kitchen for Cooking, Non Slip, Set of 2 (30cm Long) Baking Items, Random Patterns",Rs. 279,4.0 out of 5 stars,https://m.media-amazon.com/images/I/717qui5FnOL._AC_UL320_.jpg
223,Zest 4 Toyz Kitchen Set for Kids Girls Cooking Set Pretend Play Toy with Water Tap Light and Sound Toy Battery Operated Kitchen Playset Birthday Gift for Girls 29 PCS,"Rs. 1,999",4.0 out of 5 stars,https://m.media-amazon.com/images/I/716fETUzutL._AC_UL320_.jpg
224,Paczo 4Pcs Stainless Steel Cooking Kitchen Fried Lovely Heart Shape Egg Shaper Ring Pancake Omelette Mould Mold,Rs. 279,3.2 out of 5 stars,https://m.media-amazon.com/images/I/618xFX4TZ1L._AC_UL320_.jpg
225,"MANNAR CRAFT Traditional Bronze Kadai/Cheenachatti for Cooking 2.1 L Capacity (Gold, 9 inch Diameter)","Rs. 2,621",4.6 out of 5 stars,https://m.media-amazon.com/images/I/61d6aj-NPML._AC_UL320_.jpg
226,"JESAVI ENTERPRISE Kitchen Cart, 2 in 1 Kitchen Set in Toy Vehicle for Kids, Pretend Play Kitchen Cooking Playset, DIY Portable Mini Kitchen Play Set","Rs. 1,039",4.0 out of 5 stars,https://m.media-amazon.com/images/I/41k1CCdh1xL._AC_UL320_.jpg
227,"AmazonBasics Tritan 10 Piece (5 Containers and 5 Lids) Food Storage Container (Air Tight and Leak Proof), Safe for Oven, Freezer and Dishwasher","Rs. 1,229",3.9 out of 5 stars,https://m.media-amazon.com/images/I/81CsBn8fyiL._AC_UL320_.jpg
228,AmazonBasics Non-Stick 8-Piece Cookware Set,"Rs. 2,529",4.2 out of 5 stars,https://m.media-amazon.com/images/I/715qOOqdKNL._AC_UL320_.jpg
229,"Wrixty Auto Flip Olive Oil Glass Bottle Leak Proof Condiment Container with Automatic Cap and Stopper, Glass Bottles for Kitchen Cooking (Transparent, 600 ml)",Rs. 409,4.2 out of 5 stars,https://m.media-amazon.com/images/I/51AzQBcLrsL._AC_UL320_.jpg
230,SeGrand Clay Kadai (2 litres) and Tawa (8 inch Diameter) Combo Set - with Handle and Lid for Cooking on Gas - Hand Crafted Terracotta Earthen Pot,Rs. 949,3.7 out of 5 stars,https://m.media-amazon.com/images/I/618VhpR0y6L._AC_UL320_.jpg
231,"Del Monte Pomace Olive Oil TIN, 5L","Rs. 1,549",4.2 out of 5 stars,https://m.media-amazon.com/images/I/613PyPFnEHL._AC_UL320_.jpg
232,"Oblivion Baking Essential Cotton Padded Heat Proof Microwave Baking Oven Mitt Gloves Kitchen for Cooking, Non Slip | Baking Items, Random Patterns | Pack of 2",Rs. 229,5.0 out of 5 stars,https://m.media-amazon.com/images/I/71dxSdoebTL._AC_UL320_.jpg
233,AmazonBasics Stainless Steel Triply Non-stick Wok Pan / Frying Pan with Induction Base (28cm),"Rs. 1,729",4.5 out of 5 stars,https://m.media-amazon.com/images/I/51JWbjb-ZEL._AC_UL320_.jpg
234,"Kitchen Crafting Present Stainless Steel Oil Dispenser 1000ml, Oil Pot, Oil Can, Oil Kitchen Container with nozzle vinegar sauce liquid condiment dispenser of 1 Litre (Silver, Pack of 1)",Rs. 469,4.0 out of 5 stars,https://m.media-amazon.com/images/I/41MzuG3OmsL._AC_UL320_.jpg
235,"Kerala Traditional South India Village Pottery Traditional Pre-Seasoned Clay Pot for Cooking on Gas Combo of 3/Earthern Cookware /Manchatti for Cooking/Clay Pot for Cooking Pre-Seasoned (Black,1,2,3L)",Rs. 799,5.0 out of 5 stars,https://m.media-amazon.com/images/I/61cWItAwkuL._AC_UL320_.jpg
